"SDI","mean_abs_diff","mean_rel_diff"
"High-middle SDI",0.0146824335705991,0.00457793949595995
"High SDI",0.0185533980023171,0.00524535576535953
"Low-middle SDI",-0.0554660613704027,0.00573885710271508
"Low SDI",0.0629224141197749,0.00944280970886674
"Middle SDI",-0.0415561720221018,0.00635060144686957
